{
  "accuracy": 0.7856635911994322,
  "f1_score": 0.6015831134564644,
  "confusion_matrix": [
    [
      879,
      156
    ],
    [
      146,
      228
    ]
  ],
  "classification_report": "              precision    recall  f1-score   support\n\n           0     0.8576    0.8493    0.8534      1035\n           1     0.5938    0.6096    0.6016       374\n\n    accuracy                         0.7857      1409\n   macro avg     0.7257    0.7295    0.7275      1409\nweighted avg     0.7875    0.7857    0.7866      1409\n"
}